sample_name	organism	isolate	collection_date	env_broad_scale	env_local_scale	env_medium	geo_loc_name	isol_growth_condt	lat_lon
Shasta-Trinity_NF_S1	Darlingtonia Californica	S1	2017-07-08	not collected	not collected	not collected	USA: California, Shasta-Trinity NF	not applicable	40.96294 N 122.79506 W
Shasta-Trinity_NF_S2	Darlingtonia Californica	S2	2017-07-08	not collected	not collected	not collected	USA: California, Shasta-Trinity NF	not applicable	40.96294 N 122.79506 W
Shasta-Trinity_NF_S3	Darlingtonia Californica	S3	2017-07-08	not collected	not collected	not collected	USA: California, Shasta-Trinity NF	not applicable	40.96294 N 122.79506 W
Shasta-Trinity_NF_S4	Darlingtonia Californica	S4	2017-07-08	not collected	not collected	not collected	USA: California, Shasta-Trinity NF	not applicable	40.96294 N 122.79506 W
Shasta-Trinity_NF_S5	Darlingtonia Californica	S5	2017-07-08	not collected	not collected	not collected	USA: California, Shasta-Trinity NF	not applicable	40.96294 N 122.79506 W
Shasta-Trinity_NF_S6	Darlingtonia Californica	S6	2017-07-08	not collected	not collected	not collected	USA: California, Shasta-Trinity NF	not applicable	40.96294 N 122.79506 W
Shasta-Trinity_NF_S7	Darlingtonia Californica	S7	2017-07-08	not collected	not collected	not collected	USA: California, Shasta-Trinity NF	not applicable	40.96294 N 122.79506 W
Shasta-Trinity_NF_S8	Darlingtonia Californica	S8	2017-07-08	not collected	not collected	not collected	USA: California, Shasta-Trinity NF	not applicable	40.96294 N 122.79506 W
Shasta-Trinity_NF_S9	Darlingtonia Californica	S9	2017-07-08	not collected	not collected	not collected	USA: California, Shasta-Trinity NF	not applicable	40.96294 N 122.79506 W
Shasta-Trinity_NF_S10	Darlingtonia Californica	S10	2017-07-08	not collected	not collected	not collected	USA: California, Shasta-Trinity NF	not applicable	40.96294 N 122.79506 W
Shasta-Trinity_NF_S11	Darlingtonia Californica	S11	2017-07-08	not collected	not collected	not collected	USA: California, Shasta-Trinity NF	not applicable	40.96294 N 122.79506 W
Shasta-Trinity_NF_S12	Darlingtonia Californica	S12	2017-07-08	not collected	not collected	not collected	USA: California, Shasta-Trinity NF	not applicable	40.96294 N 122.79506 W
Shasta-Trinity_NF_S13	Darlingtonia Californica	S13	2017-07-08	not collected	not collected	not collected	USA: California, Shasta-Trinity NF	not applicable	40.96294 N 122.79506 W
Shasta-Trinity_NF_S14	Darlingtonia Californica	S14	2017-07-08	not collected	not collected	not collected	USA: California, Shasta-Trinity NF	not applicable	40.96294 N 122.79506 W
Shasta-Trinity_NF_S15	Darlingtonia Californica	S15	2017-07-08	not collected	not collected	not collected	USA: California, Shasta-Trinity NF	not applicable	40.96294 N 122.79506 W
Shasta-Trinity_NF_S16	Darlingtonia Californica	S16	2017-07-08	not collected	not collected	not collected	USA: California, Shasta-Trinity NF	not applicable	40.96294 N 122.79506 W
Shasta-Trinity_NF_S17	Darlingtonia Californica	S17	2017-07-08	not collected	not collected	not collected	USA: California, Shasta-Trinity NF	not applicable	40.96294 N 122.79506 W
Shasta-Trinity_NF_S18	Darlingtonia Californica	S18	2017-07-08	not collected	not collected	not collected	USA: California, Shasta-Trinity NF	not applicable	40.96294 N 122.79506 W
Shasta-Trinity_NF_S19	Darlingtonia Californica	S19	2017-07-08	not collected	not collected	not collected	USA: California, Shasta-Trinity NF	not applicable	40.96294 N 122.79506 W
Shasta-Trinity_NF_S20	Darlingtonia Californica	S20	2017-07-08	not collected	not collected	not collected	USA: California, Shasta-Trinity NF	not applicable	40.96294 N 122.79506 W
Shasta-Trinity_NF_S21	Darlingtonia Californica	S21	2017-07-08	not collected	not collected	not collected	USA: California, Shasta-Trinity NF	not applicable	40.98528 N 122.77375 W
Shasta-Trinity_NF_S22	Darlingtonia Californica	S22	2017-07-08	not collected	not collected	not collected	USA: California, Shasta-Trinity NF	not applicable	40.98528 N 122.77375 W
Shasta-Trinity_NF_S23	Darlingtonia Californica	S23	2017-07-08	not collected	not collected	not collected	USA: California, Shasta-Trinity NF	not applicable	40.98528 N 122.77375 W
Shasta-Trinity_NF_S24	Darlingtonia Californica	S24	2017-07-08	not collected	not collected	not collected	USA: California, Shasta-Trinity NF	not applicable	40.98528 N 122.77375 W
Shasta-Trinity_NF_S25	Darlingtonia Californica	S25	2017-07-08	not collected	not collected	not collected	USA: California, Shasta-Trinity NF	not applicable	40.98528 N 122.77375 W
Shasta-Trinity_NF_S26	Darlingtonia Californica	S26	2017-07-08	not collected	not collected	not collected	USA: California, Shasta-Trinity NF	not applicable	40.98528 N 122.77375 W
Shasta-Trinity_NF_S27	Darlingtonia Californica	S27	2017-07-08	not collected	not collected	not collected	USA: California, Shasta-Trinity NF	not applicable	40.98528 N 122.77375 W
Shasta-Trinity_NF_S28	Darlingtonia Californica	S28	2017-07-08	not collected	not collected	not collected	USA: California, Shasta-Trinity NF	not applicable	40.98528 N 122.77375 W
Shasta-Trinity_NF_S29	Darlingtonia Californica	S29	2017-07-08	not collected	not collected	not collected	USA: California, Shasta-Trinity NF	not applicable	40.98528 N 122.77375 W
Shasta-Trinity_NF_S30	Darlingtonia Californica	S30	2017-07-08	not collected	not collected	not collected	USA: California, Shasta-Trinity NF	not applicable	40.98528 N 122.77375 W
Shasta-Trinity_NF_S31	Darlingtonia Californica	S31	2017-07-08	not collected	not collected	not collected	USA: California, Shasta-Trinity NF	not applicable	40.98528 N 122.77375 W
Shasta-Trinity_NF_S32	Darlingtonia Californica	S32	2017-07-08	not collected	not collected	not collected	USA: California, Shasta-Trinity NF	not applicable	40.98528 N 122.77375 W
Shasta-Trinity_NF_S33	Darlingtonia Californica	S33	2017-07-08	not collected	not collected	not collected	USA: California, Shasta-Trinity NF	not applicable	40.98528 N 122.77375 W
Shasta-Trinity_NF_S34	Darlingtonia Californica	S34	2017-07-08	not collected	not collected	not collected	USA: California, Shasta-Trinity NF	not applicable	40.98528 N 122.77375 W
Shasta-Trinity_NF_S35	Darlingtonia Californica	S35	2017-07-08	not collected	not collected	not collected	USA: California, Shasta-Trinity NF	not applicable	40.98528 N 122.77375 W
Shasta-Trinity_NF_S36	Darlingtonia Californica	S36	2017-07-08	not collected	not collected	not collected	USA: California, Shasta-Trinity NF	not applicable	40.98528 N 122.77375 W
Shasta-Trinity_NF_S37	Darlingtonia Californica	S37	2017-07-08	not collected	not collected	not collected	USA: California, Shasta-Trinity NF	not applicable	40.98528 N 122.77375 W
Shasta-Trinity_NF_S38	Darlingtonia Californica	S38	2017-07-08	not collected	not collected	not collected	USA: California, Shasta-Trinity NF	not applicable	40.98528 N 122.77375 W
Shasta-Trinity_NF_S39	Darlingtonia Californica	S39	2017-07-08	not collected	not collected	not collected	USA: California, Shasta-Trinity NF	not applicable	40.98528 N 122.77375 W
Shasta-Trinity_NF_S40	Darlingtonia Californica	S40	2017-07-08	not collected	not collected	not collected	USA: California, Shasta-Trinity NF	not applicable	40.98528 N 122.77375 W
Six_Rivers_NF_S41	Darlingtonia Californica	S41	2017-07-21	not collected	not collected	not collected	USA: California, Six Rivers NF	not applicable	41.85047 N 123.90767 W
Six_Rivers_NF_S42	Darlingtonia Californica	S42	2017-07-21	not collected	not collected	not collected	USA: California, Six Rivers NF	not applicable	41.85047 N 123.90767 W
Six_Rivers_NF_S43	Darlingtonia Californica	S43	2017-07-21	not collected	not collected	not collected	USA: California, Six Rivers NF	not applicable	41.85047 N 123.90767 W
Six_Rivers_NF_S44	Darlingtonia Californica	S44	2017-07-21	not collected	not collected	not collected	USA: California, Six Rivers NF	not applicable	41.85047 N 123.90767 W
Six_Rivers_NF_S45	Darlingtonia Californica	S45	2017-07-21	not collected	not collected	not collected	USA: California, Six Rivers NF	not applicable	41.85047 N 123.90767 W
Six_Rivers_NF_S46	Darlingtonia Californica	S46	2017-07-21	not collected	not collected	not collected	USA: California, Six Rivers NF	not applicable	41.85047 N 123.90767 W
Six_Rivers_NF_S47	Darlingtonia Californica	S47	2017-07-21	not collected	not collected	not collected	USA: California, Six Rivers NF	not applicable	41.85047 N 123.90767 W
Six_Rivers_NF_S48	Darlingtonia Californica	S48	2017-07-21	not collected	not collected	not collected	USA: California, Six Rivers NF	not applicable	41.85047 N 123.90767 W
Six_Rivers_NF_S49	Darlingtonia Californica	S49	2017-07-21	not collected	not collected	not collected	USA: California, Six Rivers NF	not applicable	41.85047 N 123.90767 W
Six_Rivers_NF_S50	Darlingtonia Californica	S50	2017-07-21	not collected	not collected	not collected	USA: California, Six Rivers NF	not applicable	41.85047 N 123.90767 W
Six_Rivers_NF_S51	Darlingtonia Californica	S51	2017-07-21	not collected	not collected	not collected	USA: California, Six Rivers NF	not applicable	41.85047 N 123.90767 W
Six_Rivers_NF_S52	Darlingtonia Californica	S52	2017-07-21	not collected	not collected	not collected	USA: California, Six Rivers NF	not applicable	41.85047 N 123.90767 W
Six_Rivers_NF_S53	Darlingtonia Californica	S53	2017-07-21	not collected	not collected	not collected	USA: California, Six Rivers NF	not applicable	41.85047 N 123.90767 W
Six_Rivers_NF_S54	Darlingtonia Californica	S54	2017-07-21	not collected	not collected	not collected	USA: California, Six Rivers NF	not applicable	41.85047 N 123.90767 W
Six_Rivers_NF_S55	Darlingtonia Californica	S55	2017-07-21	not collected	not collected	not collected	USA: California, Six Rivers NF	not applicable	41.85047 N 123.90767 W
Six_Rivers_NF_S56	Darlingtonia Californica	S56	2017-07-21	not collected	not collected	not collected	USA: California, Six Rivers NF	not applicable	41.85047 N 123.90767 W
Six_Rivers_NF_S57	Darlingtonia Californica	S57	2017-07-21	not collected	not collected	not collected	USA: California, Six Rivers NF	not applicable	41.85047 N 123.90767 W
Six_Rivers_NF_S58	Darlingtonia Californica	S58	2017-07-21	not collected	not collected	not collected	USA: California, Six Rivers NF	not applicable	41.85047 N 123.90767 W
Six_Rivers_NF_S59	Darlingtonia Californica	S59	2017-07-21	not collected	not collected	not collected	USA: California, Six Rivers NF	not applicable	41.85047 N 123.90767 W
Six_Rivers_NF_S60	Darlingtonia Californica	S60	2017-07-21	not collected	not collected	not collected	USA: California, Six Rivers NF	not applicable	41.85047 N 123.90767 W
Six_Rivers_NF_S61	Darlingtonia Californica	S61	2017-07-21	not collected	not collected	not collected	USA: California, Six Rivers NF	not applicable	41.92214 N 123.86783 W
Six_Rivers_NF_S62	Darlingtonia Californica	S62	2017-07-21	not collected	not collected	not collected	USA: California, Six Rivers NF	not applicable	41.92214 N 123.86783 W
Six_Rivers_NF_S63	Darlingtonia Californica	S63	2017-07-21	not collected	not collected	not collected	USA: California, Six Rivers NF	not applicable	41.92214 N 123.86783 W
Six_Rivers_NF_S64	Darlingtonia Californica	S64	2017-07-21	not collected	not collected	not collected	USA: California, Six Rivers NF	not applicable	41.92214 N 123.86783 W
Six_Rivers_NF_S65	Darlingtonia Californica	S65	2017-07-21	not collected	not collected	not collected	USA: California, Six Rivers NF	not applicable	41.92214 N 123.86783 W
Six_Rivers_NF_S66	Darlingtonia Californica	S66	2017-07-21	not collected	not collected	not collected	USA: California, Six Rivers NF	not applicable	41.92214 N 123.86783 W
Six_Rivers_NF_S67	Darlingtonia Californica	S67	2017-07-21	not collected	not collected	not collected	USA: California, Six Rivers NF	not applicable	41.92214 N 123.86783 W
Six_Rivers_NF_S68	Darlingtonia Californica	S68	2017-07-21	not collected	not collected	not collected	USA: California, Six Rivers NF	not applicable	41.92214 N 123.86783 W
Six_Rivers_NF_S69	Darlingtonia Californica	S69	2017-07-21	not collected	not collected	not collected	USA: California, Six Rivers NF	not applicable	41.92214 N 123.86783 W
Six_Rivers_NF_S70	Darlingtonia Californica	S70	2017-07-21	not collected	not collected	not collected	USA: California, Six Rivers NF	not applicable	41.92214 N 123.86783 W
Six_Rivers_NF_S71	Darlingtonia Californica	S71	2017-07-21	not collected	not collected	not collected	USA: California, Six Rivers NF	not applicable	41.92214 N 123.86783 W
Six_Rivers_NF_S72	Darlingtonia Californica	S72	2017-07-21	not collected	not collected	not collected	USA: California, Six Rivers NF	not applicable	41.92214 N 123.86783 W
Six_Rivers_NF_S73	Darlingtonia Californica	S73	2017-07-21	not collected	not collected	not collected	USA: California, Six Rivers NF	not applicable	41.92214 N 123.86783 W
Six_Rivers_NF_S74	Darlingtonia Californica	S74	2017-07-21	not collected	not collected	not collected	USA: California, Six Rivers NF	not applicable	41.92214 N 123.86783 W
Six_Rivers_NF_S75	Darlingtonia Californica	S75	2017-07-21	not collected	not collected	not collected	USA: California, Six Rivers NF	not applicable	41.92214 N 123.86783 W
Six_Rivers_NF_S76	Darlingtonia Californica	S76	2017-07-21	not collected	not collected	not collected	USA: California, Six Rivers NF	not applicable	41.92214 N 123.86783 W
Six_Rivers_NF_S77	Darlingtonia Californica	S77	2017-07-21	not collected	not collected	not collected	USA: California, Six Rivers NF	not applicable	41.92214 N 123.86783 W
Six_Rivers_NF_S78	Darlingtonia Californica	S78	2017-07-21	not collected	not collected	not collected	USA: California, Six Rivers NF	not applicable	41.92214 N 123.86783 W
Six_Rivers_NF_S79	Darlingtonia Californica	S79	2017-07-21	not collected	not collected	not collected	USA: California, Six Rivers NF	not applicable	41.92214 N 123.86783 W
Six_Rivers_NF_S80	Darlingtonia Californica	S80	2017-07-21	not collected	not collected	not collected	USA: California, Six Rivers NF	not applicable	41.92214 N 123.86783 W
Six_Rivers_NF_S81	Darlingtonia Californica	S81	2017-07-21	not collected	not collected	not collected	USA: California, Six Rivers NF	not applicable	41.89286 N 123.86439 W
Six_Rivers_NF_S82	Darlingtonia Californica	S82	2017-07-21	not collected	not collected	not collected	USA: California, Six Rivers NF	not applicable	41.89286 N 123.86439 W
Six_Rivers_NF_S83	Darlingtonia Californica	S83	2017-07-21	not collected	not collected	not collected	USA: California, Six Rivers NF	not applicable	41.89286 N 123.86439 W
Six_Rivers_NF_S84	Darlingtonia Californica	S84	2017-07-21	not collected	not collected	not collected	USA: California, Six Rivers NF	not applicable	41.89286 N 123.86439 W
Six_Rivers_NF_S85	Darlingtonia Californica	S85	2017-07-21	not collected	not collected	not collected	USA: California, Six Rivers NF	not applicable	41.89286 N 123.86439 W
Six_Rivers_NF_S86	Darlingtonia Californica	S86	2017-07-21	not collected	not collected	not collected	USA: California, Six Rivers NF	not applicable	41.89286 N 123.86439 W
Six_Rivers_NF_S87	Darlingtonia Californica	S87	2017-07-21	not collected	not collected	not collected	USA: California, Six Rivers NF	not applicable	41.89286 N 123.86439 W
Six_Rivers_NF_S88	Darlingtonia Californica	S88	2017-07-21	not collected	not collected	not collected	USA: California, Six Rivers NF	not applicable	41.89286 N 123.86439 W
Six_Rivers_NF_S89	Darlingtonia Californica	S89	2017-07-21	not collected	not collected	not collected	USA: California, Six Rivers NF	not applicable	41.89286 N 123.86439 W
Six_Rivers_NF_S90	Darlingtonia Californica	S90	2017-07-21	not collected	not collected	not collected	USA: California, Six Rivers NF	not applicable	41.89286 N 123.86439 W
Six_Rivers_NF_S91	Darlingtonia Californica	S91	2017-07-21	not collected	not collected	not collected	USA: California, Six Rivers NF	not applicable	41.89286 N 123.86439 W
Six_Rivers_NF_S92	Darlingtonia Californica	S92	2017-07-21	not collected	not collected	not collected	USA: California, Six Rivers NF	not applicable	41.89286 N 123.86439 W
Six_Rivers_NF_S93	Darlingtonia Californica	S93	2017-07-21	not collected	not collected	not collected	USA: California, Six Rivers NF	not applicable	41.89286 N 123.86439 W
Six_Rivers_NF_S94	Darlingtonia Californica	S94	2017-07-21	not collected	not collected	not collected	USA: California, Six Rivers NF	not applicable	41.89286 N 123.86439 W
Six_Rivers_NF_S95	Darlingtonia Californica	S95	2017-07-21	not collected	not collected	not collected	USA: California, Six Rivers NF	not applicable	41.89286 N 123.86439 W
Six_Rivers_NF_S96	Darlingtonia Californica	S96	2017-07-21	not collected	not collected	not collected	USA: California, Six Rivers NF	not applicable	41.89286 N 123.86439 W
Six_Rivers_NF_S97	Darlingtonia Californica	S97	2017-07-21	not collected	not collected	not collected	USA: California, Six Rivers NF	not applicable	41.89286 N 123.86439 W
Six_Rivers_NF_S98	Darlingtonia Californica	S98	2017-07-21	not collected	not collected	not collected	USA: California, Six Rivers NF	not applicable	41.89286 N 123.86439 W
Six_Rivers_NF_S99	Darlingtonia Californica	S99	2017-07-21	not collected	not collected	not collected	USA: California, Six Rivers NF	not applicable	41.89286 N 123.86439 W
Six_Rivers_NF_S100	Darlingtonia Californica	S100	2017-07-21	not collected	not collected	not collected	USA: California, Six Rivers NF	not applicable	41.89286 N 123.86439 W
Six_Rivers_NF_S101	Darlingtonia Californica	S101	2017-07-21	not collected	not collected	not collected	USA: California, Six Rivers NF	not applicable	41.87294 N 123.88542 W
Six_Rivers_NF_S102	Darlingtonia Californica	S102	2017-07-21	not collected	not collected	not collected	USA: California, Six Rivers NF	not applicable	41.87294 N 123.88542 W
Six_Rivers_NF_S103	Darlingtonia Californica	S103	2017-07-21	not collected	not collected	not collected	USA: California, Six Rivers NF	not applicable	41.87294 N 123.88542 W
Six_Rivers_NF_S104	Darlingtonia Californica	S104	2017-07-21	not collected	not collected	not collected	USA: California, Six Rivers NF	not applicable	41.87294 N 123.88542 W
Six_Rivers_NF_S105	Darlingtonia Californica	S105	2017-07-21	not collected	not collected	not collected	USA: California, Six Rivers NF	not applicable	41.87294 N 123.88542 W
Six_Rivers_NF_S106	Darlingtonia Californica	S106	2017-07-21	not collected	not collected	not collected	USA: California, Six Rivers NF	not applicable	41.87294 N 123.88542 W
Six_Rivers_NF_S107	Darlingtonia Californica	S107	2017-07-21	not collected	not collected	not collected	USA: California, Six Rivers NF	not applicable	41.87294 N 123.88542 W
Six_Rivers_NF_S108	Darlingtonia Californica	S108	2017-07-21	not collected	not collected	not collected	USA: California, Six Rivers NF	not applicable	41.87294 N 123.88542 W
Six_Rivers_NF_S109	Darlingtonia Californica	S109	2017-07-21	not collected	not collected	not collected	USA: California, Six Rivers NF	not applicable	41.87294 N 123.88542 W
Six_Rivers_NF_S110	Darlingtonia Californica	S110	2017-07-21	not collected	not collected	not collected	USA: California, Six Rivers NF	not applicable	41.87294 N 123.88542 W
Six_Rivers_NF_S111	Darlingtonia Californica	S111	2017-07-21	not collected	not collected	not collected	USA: California, Six Rivers NF	not applicable	41.87294 N 123.88542 W
Six_Rivers_NF_S112	Darlingtonia Californica	S112	2017-07-21	not collected	not collected	not collected	USA: California, Six Rivers NF	not applicable	41.87294 N 123.88542 W
Six_Rivers_NF_S113	Darlingtonia Californica	S113	2017-07-21	not collected	not collected	not collected	USA: California, Six Rivers NF	not applicable	41.87294 N 123.88542 W
Six_Rivers_NF_S114	Darlingtonia Californica	S114	2017-07-21	not collected	not collected	not collected	USA: California, Six Rivers NF	not applicable	41.87294 N 123.88542 W
Six_Rivers_NF_S115	Darlingtonia Californica	S115	2017-07-21	not collected	not collected	not collected	USA: California, Six Rivers NF	not applicable	41.87294 N 123.88542 W
Six_Rivers_NF_S116	Darlingtonia Californica	S116	2017-07-21	not collected	not collected	not collected	USA: California, Six Rivers NF	not applicable	41.87294 N 123.88542 W
Six_Rivers_NF_S117	Darlingtonia Californica	S117	2017-07-21	not collected	not collected	not collected	USA: California, Six Rivers NF	not applicable	41.87294 N 123.88542 W
Six_Rivers_NF_S118	Darlingtonia Californica	S118	2017-07-21	not collected	not collected	not collected	USA: California, Six Rivers NF	not applicable	41.87294 N 123.88542 W
Six_Rivers_NF_S119	Darlingtonia Californica	S119	2017-07-21	not collected	not collected	not collected	USA: California, Six Rivers NF	not applicable	41.87294 N 123.88542 W
Six_Rivers_NF_S120	Darlingtonia Californica	S120	2017-07-21	not collected	not collected	not collected	USA: California, Six Rivers NF	not applicable	41.87294 N 123.88542 W
Six_Rivers_NF_S121	Darlingtonia Californica	S121	2017-07-21	not collected	not collected	not collected	USA: California, Six Rivers NF	not applicable	41.85628 N 123.90131 W
Six_Rivers_NF_S122	Darlingtonia Californica	S122	2017-07-21	not collected	not collected	not collected	USA: California, Six Rivers NF	not applicable	41.85628 N 123.90131 W
Six_Rivers_NF_S123	Darlingtonia Californica	S123	2017-07-21	not collected	not collected	not collected	USA: California, Six Rivers NF	not applicable	41.85628 N 123.90131 W
Six_Rivers_NF_S124	Darlingtonia Californica	S124	2017-07-21	not collected	not collected	not collected	USA: California, Six Rivers NF	not applicable	41.85628 N 123.90131 W
Six_Rivers_NF_S125	Darlingtonia Californica	S125	2017-07-21	not collected	not collected	not collected	USA: California, Six Rivers NF	not applicable	41.85628 N 123.90131 W
Six_Rivers_NF_S126	Darlingtonia Californica	S126	2017-07-21	not collected	not collected	not collected	USA: California, Six Rivers NF	not applicable	41.85628 N 123.90131 W
Six_Rivers_NF_S127	Darlingtonia Californica	S127	2017-07-21	not collected	not collected	not collected	USA: California, Six Rivers NF	not applicable	41.85628 N 123.90131 W
Six_Rivers_NF_S128	Darlingtonia Californica	S128	2017-07-21	not collected	not collected	not collected	USA: California, Six Rivers NF	not applicable	41.85628 N 123.90131 W
Six_Rivers_NF_S129	Darlingtonia Californica	S129	2017-07-21	not collected	not collected	not collected	USA: California, Six Rivers NF	not applicable	41.85628 N 123.90131 W
Six_Rivers_NF_S130	Darlingtonia Californica	S130	2017-07-21	not collected	not collected	not collected	USA: California, Six Rivers NF	not applicable	41.85628 N 123.90131 W
Six_Rivers_NF_S131	Darlingtonia Californica	S131	2017-07-21	not collected	not collected	not collected	USA: California, Six Rivers NF	not applicable	41.85628 N 123.90131 W
Six_Rivers_NF_S132	Darlingtonia Californica	S132	2017-07-21	not collected	not collected	not collected	USA: California, Six Rivers NF	not applicable	41.85628 N 123.90131 W
Six_Rivers_NF_S133	Darlingtonia Californica	S133	2017-07-21	not collected	not collected	not collected	USA: California, Six Rivers NF	not applicable	41.85628 N 123.90131 W
Six_Rivers_NF_S134	Darlingtonia Californica	S134	2017-07-21	not collected	not collected	not collected	USA: California, Six Rivers NF	not applicable	41.85628 N 123.90131 W
Six_Rivers_NF_S135	Darlingtonia Californica	S135	2017-07-21	not collected	not collected	not collected	USA: California, Six Rivers NF	not applicable	41.85628 N 123.90131 W
Six_Rivers_NF_S136	Darlingtonia Californica	S136	2017-07-21	not collected	not collected	not collected	USA: California, Six Rivers NF	not applicable	41.85628 N 123.90131 W
Six_Rivers_NF_S137	Darlingtonia Californica	S137	2017-07-21	not collected	not collected	not collected	USA: California, Six Rivers NF	not applicable	41.85628 N 123.90131 W
Six_Rivers_NF_S138	Darlingtonia Californica	S138	2017-07-21	not collected	not collected	not collected	USA: California, Six Rivers NF	not applicable	41.85628 N 123.90131 W
Six_Rivers_NF_S139	Darlingtonia Californica	S139	2017-07-21	not collected	not collected	not collected	USA: California, Six Rivers NF	not applicable	41.85628 N 123.90131 W
Six_Rivers_NF_S140	Darlingtonia Californica	S140	2017-07-21	not collected	not collected	not collected	USA: California, Six Rivers NF	not applicable	41.85628 N 123.90131 W
Plumas_NF_S141	Darlingtonia Californica	S141	2017-08-10	not collected	not collected	not collected	USA: California, Plumas NF	not applicable	40.01303 N 121.12656 W
Plumas_NF_S142	Darlingtonia Californica	S142	2017-08-10	not collected	not collected	not collected	USA: California, Plumas NF	not applicable	40.01303 N 121.12656 W
Plumas_NF_S143	Darlingtonia Californica	S143	2017-08-10	not collected	not collected	not collected	USA: California, Plumas NF	not applicable	40.01303 N 121.12656 W
Plumas_NF_S144	Darlingtonia Californica	S144	2017-08-10	not collected	not collected	not collected	USA: California, Plumas NF	not applicable	40.01303 N 121.12656 W
Plumas_NF_S145	Darlingtonia Californica	S145	2017-08-10	not collected	not collected	not collected	USA: California, Plumas NF	not applicable	40.01303 N 121.12656 W
Plumas_NF_S146	Darlingtonia Californica	S146	2017-08-10	not collected	not collected	not collected	USA: California, Plumas NF	not applicable	40.01303 N 121.12656 W
Plumas_NF_S147	Darlingtonia Californica	S147	2017-08-10	not collected	not collected	not collected	USA: California, Plumas NF	not applicable	40.01303 N 121.12656 W
Plumas_NF_S148	Darlingtonia Californica	S148	2017-08-10	not collected	not collected	not collected	USA: California, Plumas NF	not applicable	40.01303 N 121.12656 W
Plumas_NF_S149	Darlingtonia Californica	S149	2017-08-10	not collected	not collected	not collected	USA: California, Plumas NF	not applicable	40.01303 N 121.12656 W
Plumas_NF_S150	Darlingtonia Californica	S150	2017-08-10	not collected	not collected	not collected	USA: California, Plumas NF	not applicable	40.01303 N 121.12656 W
Plumas_NF_S151	Darlingtonia Californica	S151	2017-08-10	not collected	not collected	not collected	USA: California, Plumas NF	not applicable	40.01303 N 121.12656 W
Plumas_NF_S152	Darlingtonia Californica	S152	2017-08-10	not collected	not collected	not collected	USA: California, Plumas NF	not applicable	40.01303 N 121.12656 W
Plumas_NF_S153	Darlingtonia Californica	S153	2017-08-10	not collected	not collected	not collected	USA: California, Plumas NF	not applicable	40.01303 N 121.12656 W
Plumas_NF_S154	Darlingtonia Californica	S154	2017-08-10	not collected	not collected	not collected	USA: California, Plumas NF	not applicable	40.01303 N 121.12656 W
Plumas_NF_S155	Darlingtonia Californica	S155	2017-08-10	not collected	not collected	not collected	USA: California, Plumas NF	not applicable	40.01303 N 121.12656 W
Plumas_NF_S156	Darlingtonia Californica	S156	2017-08-10	not collected	not collected	not collected	USA: California, Plumas NF	not applicable	40.01303 N 121.12656 W
Plumas_NF_S157	Darlingtonia Californica	S157	2017-08-10	not collected	not collected	not collected	USA: California, Plumas NF	not applicable	40.01303 N 121.12656 W
Plumas_NF_S158	Darlingtonia Californica	S158	2017-08-10	not collected	not collected	not collected	USA: California, Plumas NF	not applicable	40.01303 N 121.12656 W
Plumas_NF_S159	Darlingtonia Californica	S159	2017-08-10	not collected	not collected	not collected	USA: California, Plumas NF	not applicable	40.01303 N 121.12656 W
Plumas_NF_S160	Darlingtonia Californica	S160	2017-08-10	not collected	not collected	not collected	USA: California, Plumas NF	not applicable	40.01303 N 121.12656 W
Plumas_NF_S161	Darlingtonia Californica	S161	2017-08-10	not collected	not collected	not collected	USA: California, Plumas NF	not applicable	40.01328 N 121.12631 W
Plumas_NF_S162	Darlingtonia Californica	S162	2017-08-10	not collected	not collected	not collected	USA: California, Plumas NF	not applicable	40.01328 N 121.12631 W
Plumas_NF_S163	Darlingtonia Californica	S163	2017-08-10	not collected	not collected	not collected	USA: California, Plumas NF	not applicable	40.01328 N 121.12631 W
Plumas_NF_S164	Darlingtonia Californica	S164	2017-08-10	not collected	not collected	not collected	USA: California, Plumas NF	not applicable	40.01328 N 121.12631 W
Plumas_NF_S165	Darlingtonia Californica	S165	2017-08-10	not collected	not collected	not collected	USA: California, Plumas NF	not applicable	40.01328 N 121.12631 W
Plumas_NF_S166	Darlingtonia Californica	S166	2017-08-10	not collected	not collected	not collected	USA: California, Plumas NF	not applicable	40.01328 N 121.12631 W
Plumas_NF_S167	Darlingtonia Californica	S167	2017-08-10	not collected	not collected	not collected	USA: California, Plumas NF	not applicable	40.01328 N 121.12631 W
Plumas_NF_S168	Darlingtonia Californica	S168	2017-08-10	not collected	not collected	not collected	USA: California, Plumas NF	not applicable	40.01328 N 121.12631 W
Plumas_NF_S169	Darlingtonia Californica	S169	2017-08-10	not collected	not collected	not collected	USA: California, Plumas NF	not applicable	40.01328 N 121.12631 W
Plumas_NF_S170	Darlingtonia Californica	S170	2017-08-10	not collected	not collected	not collected	USA: California, Plumas NF	not applicable	40.01328 N 121.12631 W
Plumas_NF_S171	Darlingtonia Californica	S171	2017-08-10	not collected	not collected	not collected	USA: California, Plumas NF	not applicable	40.01328 N 121.12631 W
Plumas_NF_S172	Darlingtonia Californica	S172	2017-08-10	not collected	not collected	not collected	USA: California, Plumas NF	not applicable	40.01328 N 121.12631 W
Plumas_NF_S173	Darlingtonia Californica	S173	2017-08-10	not collected	not collected	not collected	USA: California, Plumas NF	not applicable	40.01328 N 121.12631 W
Plumas_NF_S174	Darlingtonia Californica	S174	2017-08-10	not collected	not collected	not collected	USA: California, Plumas NF	not applicable	40.01328 N 121.12631 W
Plumas_NF_S175	Darlingtonia Californica	S175	2017-08-10	not collected	not collected	not collected	USA: California, Plumas NF	not applicable	40.01328 N 121.12631 W
Plumas_NF_S176	Darlingtonia Californica	S176	2017-08-10	not collected	not collected	not collected	USA: California, Plumas NF	not applicable	40.01328 N 121.12631 W
Plumas_NF_S177	Darlingtonia Californica	S177	2017-08-10	not collected	not collected	not collected	USA: California, Plumas NF	not applicable	40.01328 N 121.12631 W
Plumas_NF_S178	Darlingtonia Californica	S178	2017-08-10	not collected	not collected	not collected	USA: California, Plumas NF	not applicable	40.01328 N 121.12631 W
Plumas_NF_S179	Darlingtonia Californica	S179	2017-08-10	not collected	not collected	not collected	USA: California, Plumas NF	not applicable	40.01328 N 121.12631 W
Plumas_NF_S180	Darlingtonia Californica	S180	2017-08-10	not collected	not collected	not collected	USA: California, Plumas NF	not applicable	40.01328 N 121.12631 W
Plumas_NF_S181	Darlingtonia Californica	S181	2017-08-10	not collected	not collected	not collected	USA: California, Plumas NF	not applicable	40.00172 N 120.97869 W
Plumas_NF_S182	Darlingtonia Californica	S182	2017-08-10	not collected	not collected	not collected	USA: California, Plumas NF	not applicable	40.00172 N 120.97869 W
Plumas_NF_S183	Darlingtonia Californica	S183	2017-08-10	not collected	not collected	not collected	USA: California, Plumas NF	not applicable	40.00172 N 120.97869 W
Plumas_NF_S184	Darlingtonia Californica	S184	2017-08-10	not collected	not collected	not collected	USA: California, Plumas NF	not applicable	40.00172 N 120.97869 W
Plumas_NF_S185	Darlingtonia Californica	S185	2017-08-10	not collected	not collected	not collected	USA: California, Plumas NF	not applicable	40.00172 N 120.97869 W
Plumas_NF_S186	Darlingtonia Californica	S186	2017-08-10	not collected	not collected	not collected	USA: California, Plumas NF	not applicable	40.00172 N 120.97869 W
Plumas_NF_S187	Darlingtonia Californica	S187	2017-08-10	not collected	not collected	not collected	USA: California, Plumas NF	not applicable	40.00172 N 120.97869 W
Plumas_NF_S188	Darlingtonia Californica	S188	2017-08-10	not collected	not collected	not collected	USA: California, Plumas NF	not applicable	40.00172 N 120.97869 W
Plumas_NF_S189	Darlingtonia Californica	S189	2017-08-10	not collected	not collected	not collected	USA: California, Plumas NF	not applicable	40.00172 N 120.97869 W
Plumas_NF_S190	Darlingtonia Californica	S190	2017-08-10	not collected	not collected	not collected	USA: California, Plumas NF	not applicable	40.00172 N 120.97869 W
Plumas_NF_S191	Darlingtonia Californica	S191	2017-08-10	not collected	not collected	not collected	USA: California, Plumas NF	not applicable	40.00172 N 120.97869 W
Plumas_NF_S192	Darlingtonia Californica	S192	2017-08-10	not collected	not collected	not collected	USA: California, Plumas NF	not applicable	40.00172 N 120.97869 W
Shasta-Trinity_NF_S193	Darlingtonia Californica	S193	2017-09-09	not collected	not collected	not collected	USA: California, Shasta-Trinity NF	not applicable	41.31347 N 122.42183 W
Shasta-Trinity_NF_S194	Darlingtonia Californica	S194	2017-09-09	not collected	not collected	not collected	USA: California, Shasta-Trinity NF	not applicable	41.31347 N 122.42183 W
Shasta-Trinity_NF_S195	Darlingtonia Californica	S195	2017-09-09	not collected	not collected	not collected	USA: California, Shasta-Trinity NF	not applicable	41.31347 N 122.42183 W
Shasta-Trinity_NF_S196	Darlingtonia Californica	S196	2017-09-09	not collected	not collected	not collected	USA: California, Shasta-Trinity NF	not applicable	41.31347 N 122.42183 W
Shasta-Trinity_NF_S197	Darlingtonia Californica	S197	2017-09-09	not collected	not collected	not collected	USA: California, Shasta-Trinity NF	not applicable	41.31347 N 122.42183 W
Shasta-Trinity_NF_S198	Darlingtonia Californica	S198	2017-09-09	not collected	not collected	not collected	USA: California, Shasta-Trinity NF	not applicable	41.31347 N 122.42183 W
Shasta-Trinity_NF_S199	Darlingtonia Californica	S199	2017-09-09	not collected	not collected	not collected	USA: California, Shasta-Trinity NF	not applicable	41.31347 N 122.42183 W
Shasta-Trinity_NF_S200	Darlingtonia Californica	S200	2017-09-09	not collected	not collected	not collected	USA: California, Shasta-Trinity NF	not applicable	41.31347 N 122.42183 W
Shasta-Trinity_NF_S201	Darlingtonia Californica	S201	2017-09-09	not collected	not collected	not collected	USA: California, Shasta-Trinity NF	not applicable	41.31347 N 122.42183 W
Shasta-Trinity_NF_S202	Darlingtonia Californica	S202	2017-09-09	not collected	not collected	not collected	USA: California, Shasta-Trinity NF	not applicable	41.31347 N 122.42183 W
Shasta-Trinity_NF_S203	Darlingtonia Californica	S203	2017-09-09	not collected	not collected	not collected	USA: California, Shasta-Trinity NF	not applicable	41.31347 N 122.42183 W
Shasta-Trinity_NF_S204	Darlingtonia Californica	S204	2017-09-09	not collected	not collected	not collected	USA: California, Shasta-Trinity NF	not applicable	41.31347 N 122.42183 W
Shasta-Trinity_NF_S205	Darlingtonia Californica	S205	2017-09-09	not collected	not collected	not collected	USA: California, Shasta-Trinity NF	not applicable	41.31347 N 122.42183 W
Shasta-Trinity_NF_S206	Darlingtonia Californica	S206	2017-09-09	not collected	not collected	not collected	USA: California, Shasta-Trinity NF	not applicable	41.31347 N 122.42183 W
Shasta-Trinity_NF_S207	Darlingtonia Californica	S207	2017-09-09	not collected	not collected	not collected	USA: California, Shasta-Trinity NF	not applicable	41.31347 N 122.42183 W
Shasta-Trinity_NF_S208	Darlingtonia Californica	S208	2017-09-09	not collected	not collected	not collected	USA: California, Shasta-Trinity NF	not applicable	41.31347 N 122.42183 W
Shasta-Trinity_NF_S209	Darlingtonia Californica	S209	2017-09-09	not collected	not collected	not collected	USA: California, Shasta-Trinity NF	not applicable	41.31347 N 122.42183 W
Shasta-Trinity_NF_S210	Darlingtonia Californica	S210	2017-09-09	not collected	not collected	not collected	USA: California, Shasta-Trinity NF	not applicable	41.31347 N 122.42183 W
Shasta-Trinity_NF_S211	Darlingtonia Californica	S211	2017-09-09	not collected	not collected	not collected	USA: California, Shasta-Trinity NF	not applicable	41.31347 N 122.42183 W
Shasta-Trinity_NF_S212	Darlingtonia Californica	S212	2017-09-09	not collected	not collected	not collected	USA: California, Shasta-Trinity NF	not applicable	41.31347 N 122.42183 W
Shasta-Trinity_NF_S213	Darlingtonia Californica	S213	2017-09-09	not collected	not collected	not collected	USA: California, Shasta-Trinity NF	not applicable	41.40653 N 122.52222 W
Shasta-Trinity_NF_S214	Darlingtonia Californica	S214	2017-09-09	not collected	not collected	not collected	USA: California, Shasta-Trinity NF	not applicable	41.40653 N 122.52222 W
Shasta-Trinity_NF_S215	Darlingtonia Californica	S215	2017-09-09	not collected	not collected	not collected	USA: California, Shasta-Trinity NF	not applicable	41.40653 N 122.52222 W
Shasta-Trinity_NF_S216	Darlingtonia Californica	S216	2017-09-09	not collected	not collected	not collected	USA: California, Shasta-Trinity NF	not applicable	41.40653 N 122.52222 W
Shasta-Trinity_NF_S217	Darlingtonia Californica	S217	2017-09-09	not collected	not collected	not collected	USA: California, Shasta-Trinity NF	not applicable	41.40653 N 122.52222 W
Shasta-Trinity_NF_S218	Darlingtonia Californica	S218	2017-09-09	not collected	not collected	not collected	USA: California, Shasta-Trinity NF	not applicable	41.40653 N 122.52222 W
Shasta-Trinity_NF_S219	Darlingtonia Californica	S219	2017-09-09	not collected	not collected	not collected	USA: California, Shasta-Trinity NF	not applicable	41.40653 N 122.52222 W
Shasta-Trinity_NF_S220	Darlingtonia Californica	S220	2017-09-09	not collected	not collected	not collected	USA: California, Shasta-Trinity NF	not applicable	41.40653 N 122.52222 W
Shasta-Trinity_NF_S221	Darlingtonia Californica	S221	2017-09-09	not collected	not collected	not collected	USA: California, Shasta-Trinity NF	not applicable	41.40653 N 122.52222 W
Shasta-Trinity_NF_S222	Darlingtonia Californica	S222	2017-09-09	not collected	not collected	not collected	USA: California, Shasta-Trinity NF	not applicable	41.40653 N 122.52222 W
Shasta-Trinity_NF_S223	Darlingtonia Californica	S223	2017-09-09	not collected	not collected	not collected	USA: California, Shasta-Trinity NF	not applicable	41.40653 N 122.52222 W
Shasta-Trinity_NF_S224	Darlingtonia Californica	S224	2017-09-09	not collected	not collected	not collected	USA: California, Shasta-Trinity NF	not applicable	41.40653 N 122.52222 W
Shasta-Trinity_NF_S225	Darlingtonia Californica	S225	2017-09-09	not collected	not collected	not collected	USA: California, Shasta-Trinity NF	not applicable	41.40653 N 122.52222 W
Shasta-Trinity_NF_S226	Darlingtonia Californica	S226	2017-09-09	not collected	not collected	not collected	USA: California, Shasta-Trinity NF	not applicable	41.40653 N 122.52222 W
Shasta-Trinity_NF_S227	Darlingtonia Californica	S227	2017-09-09	not collected	not collected	not collected	USA: California, Shasta-Trinity NF	not applicable	41.40653 N 122.52222 W
Shasta-Trinity_NF_S228	Darlingtonia Californica	S228	2017-09-09	not collected	not collected	not collected	USA: California, Shasta-Trinity NF	not applicable	41.40653 N 122.52222 W
Shasta-Trinity_NF_S229	Darlingtonia Californica	S229	2017-09-09	not collected	not collected	not collected	USA: California, Shasta-Trinity NF	not applicable	41.40653 N 122.52222 W
Shasta-Trinity_NF_S230	Darlingtonia Californica	S230	2017-09-09	not collected	not collected	not collected	USA: California, Shasta-Trinity NF	not applicable	41.40653 N 122.52222 W
Shasta-Trinity_NF_S231	Darlingtonia Californica	S231	2017-09-09	not collected	not collected	not collected	USA: California, Shasta-Trinity NF	not applicable	41.40653 N 122.52222 W
Shasta-Trinity_NF_S232	Darlingtonia Californica	S232	2017-09-09	not collected	not collected	not collected	USA: California, Shasta-Trinity NF	not applicable	41.40653 N 122.52222 W
Shasta-Trinity_NF_S233	Darlingtonia Californica	S233	2017-09-09	not collected	not collected	not collected	USA: California, Shasta-Trinity NF	not applicable	41.38564 N 122.53531 W
Shasta-Trinity_NF_S234	Darlingtonia Californica	S234	2017-09-09	not collected	not collected	not collected	USA: California, Shasta-Trinity NF	not applicable	41.38564 N 122.53531 W
Shasta-Trinity_NF_S235	Darlingtonia Californica	S235	2017-09-09	not collected	not collected	not collected	USA: California, Shasta-Trinity NF	not applicable	41.38564 N 122.53531 W
Shasta-Trinity_NF_S236	Darlingtonia Californica	S236	2017-09-09	not collected	not collected	not collected	USA: California, Shasta-Trinity NF	not applicable	41.38564 N 122.53531 W
Shasta-Trinity_NF_S237	Darlingtonia Californica	S237	2017-09-09	not collected	not collected	not collected	USA: California, Shasta-Trinity NF	not applicable	41.38564 N 122.53531 W
Shasta-Trinity_NF_S238	Darlingtonia Californica	S238	2017-09-09	not collected	not collected	not collected	USA: California, Shasta-Trinity NF	not applicable	41.38564 N 122.53531 W
Shasta-Trinity_NF_S239	Darlingtonia Californica	S239	2017-09-09	not collected	not collected	not collected	USA: California, Shasta-Trinity NF	not applicable	41.38564 N 122.53531 W
Shasta-Trinity_NF_S240	Darlingtonia Californica	S240	2017-09-09	not collected	not collected	not collected	USA: California, Shasta-Trinity NF	not applicable	41.38564 N 122.53531 W
Shasta-Trinity_NF_S241	Darlingtonia Californica	S241	2017-09-09	not collected	not collected	not collected	USA: California, Shasta-Trinity NF	not applicable	41.38564 N 122.53531 W
Shasta-Trinity_NF_S242	Darlingtonia Californica	S242	2017-09-09	not collected	not collected	not collected	USA: California, Shasta-Trinity NF	not applicable	41.38564 N 122.53531 W
Shasta-Trinity_NF_S243	Darlingtonia Californica	S243	2017-09-09	not collected	not collected	not collected	USA: California, Shasta-Trinity NF	not applicable	41.38564 N 122.53531 W
Shasta-Trinity_NF_S244	Darlingtonia Californica	S244	2017-09-09	not collected	not collected	not collected	USA: California, Shasta-Trinity NF	not applicable	41.38564 N 122.53531 W
Shasta-Trinity_NF_S245	Darlingtonia Californica	S245	2017-09-09	not collected	not collected	not collected	USA: California, Shasta-Trinity NF	not applicable	41.38564 N 122.53531 W
Shasta-Trinity_NF_S246	Darlingtonia Californica	S246	2017-09-09	not collected	not collected	not collected	USA: California, Shasta-Trinity NF	not applicable	41.38564 N 122.53531 W
Shasta-Trinity_NF_S247	Darlingtonia Californica	S247	2017-09-09	not collected	not collected	not collected	USA: California, Shasta-Trinity NF	not applicable	41.38564 N 122.53531 W
Shasta-Trinity_NF_S248	Darlingtonia Californica	S248	2017-09-09	not collected	not collected	not collected	USA: California, Shasta-Trinity NF	not applicable	41.38564 N 122.53531 W
Shasta-Trinity_NF_S249	Darlingtonia Californica	S249	2017-09-09	not collected	not collected	not collected	USA: California, Shasta-Trinity NF	not applicable	41.38564 N 122.53531 W
Shasta-Trinity_NF_S250	Darlingtonia Californica	S250	2017-09-09	not collected	not collected	not collected	USA: California, Shasta-Trinity NF	not applicable	41.38564 N 122.53531 W
Shasta-Trinity_NF_S251	Darlingtonia Californica	S251	2017-09-09	not collected	not collected	not collected	USA: California, Shasta-Trinity NF	not applicable	41.38564 N 122.53531 W
Shasta-Trinity_NF_S252	Darlingtonia Californica	S252	2017-09-09	not collected	not collected	not collected	USA: California, Shasta-Trinity NF	not applicable	41.38564 N 122.53531 W
Mendocino_County_S253	Darlingtonia Californica	S253	2017-10-07	not collected	not collected	not collected	USA: California, Mendocino County	not applicable	39.25347 N 123.74653 W
Mendocino_County_S254	Darlingtonia Californica	S254	2017-10-07	not collected	not collected	not collected	USA: California, Mendocino County	not applicable	39.25347 N 123.74653 W
Mendocino_County_S255	Darlingtonia Californica	S255	2017-10-07	not collected	not collected	not collected	USA: California, Mendocino County	not applicable	39.25347 N 123.74653 W
Mendocino_County_S256	Darlingtonia Californica	S256	2017-10-07	not collected	not collected	not collected	USA: California, Mendocino County	not applicable	39.25347 N 123.74653 W
Mendocino_County_S257	Darlingtonia Californica	S257	2017-10-07	not collected	not collected	not collected	USA: California, Mendocino County	not applicable	39.25347 N 123.74653 W
Mendocino_County_S258	Darlingtonia Californica	S258	2017-10-07	not collected	not collected	not collected	USA: California, Mendocino County	not applicable	39.25347 N 123.74653 W
Mendocino_County_S259	Darlingtonia Californica	S259	2017-10-07	not collected	not collected	not collected	USA: California, Mendocino County	not applicable	39.25347 N 123.74653 W
Mendocino_County_S260	Darlingtonia Californica	S260	2017-10-07	not collected	not collected	not collected	USA: California, Mendocino County	not applicable	39.25347 N 123.74653 W
Mendocino_County_S261	Darlingtonia Californica	S261	2017-10-07	not collected	not collected	not collected	USA: California, Mendocino County	not applicable	39.25347 N 123.74653 W
Mendocino_County_S262	Darlingtonia Californica	S262	2017-10-07	not collected	not collected	not collected	USA: California, Mendocino County	not applicable	39.25347 N 123.74653 W
